{"sizes": [500, 1000, 1500, 2000, 2500, 3000, 3500, 4000, 4500, 5000, 5500], "times": [1.9996285438537598, 10.98254680633545, 34.55955982208252, 70.55429220199585, 140.4258108139038, 214.48412895202637, 354.3774700164795, 467.17020988464355, 722.0000600814819, 956.0168981552124, 1298.0776405334473], "gflops": []}