{"sizes": [500, 1000, 1500, 2000, 2500, 3000, 3500, 4000, 4500, 5000, 5500], "times": [1.8105602264404297, 6.789608001708984, 20.92864990234375, 41.55555248260498, 79.25753831863403, 127.06557035446167, 202.99102067947388, 270.6799626350403, 440.94295740127563, 582.272469997406, 793.2462906837463], "gflops": []}