{"sizes": [500, 1000, 1500, 2000, 2500, 3000, 3500, 4000, 4500, 5000, 5500], "times": [13.652787499886472, 36.62767709000036, 81.31886666000355, 131.08542665999266, 219.051954170136, 291.0325012500107, 405.56886709004175, 456.85807041998487, 625.1930825000454, 748.0021570800454, 974.468264580064]}