{"sizes": [500, 1000, 1500, 2000, 2500, 3000, 3500, 4000, 4500, 5000, 5500], "times": [8.938717919954797, 24.018398750049528, 49.00627166003687, 78.70221792007214, 120.05161084001884, 169.94135916989762, 239.6326712500013, 274.56702041003155, 389.05187333002687, 453.14808958006324, 588.3962120799697]}