{"B": 8, "T": 512, "sizes_D": [500, 1000, 1500, 2000, 2500, 3000, 3500, 4000, 4500, 5000, 5500], "times": [46.31967082998017, 226.16146290994948, 365.12535416986793, 654.5681324999896, 1073.5107245900144, 1444.5031241700053, 2073.874158749968, 2497.9266274999827, 3371.2999995899736, 4122.884892910079, 4973.029719580081]}