{"sizes": [500, 1000, 1500, 2000, 2500, 3000, 3500, 4000, 4500, 5000, 5500], "times": [4.876141548156738, 41.18126153945923, 130.4796004295349, 292.8624391555786, 582.4271988868713, 961.0800695419312, 1593.456723690033, 2217.6887798309326, 3280.3278493881226, 4460.620491504669, 6236.151080131531], "gflops": []}