{"sizes": [500, 1000, 1500, 2000, 2500, 3000, 3500, 4000, 4500, 5000, 5500], "times": [1.800220012664795, 11.733019351959229, 38.7596321105957, 83.27654123306274, 172.70184993743896, 279.3398094177246, 471.8784689903259, 619.0589499473572, 947.6413583755493, 1264.53439950943, 1705.3265690803528], "gflops": []}