{"sizes": [500, 1000, 1500, 2000, 2500, 3000, 3500, 4000, 4500, 5000, 5500], "times": [2.2437095642089844, 7.6392412185668945, 23.3557391166687, 59.48923110961914, 112.79491662979126, 174.54378128051758, 274.4580101966858, 415.3252696990967, 707.1125483512878, 915.0169897079468, 1082.3190093040466], "gflops": []}