{"sizes": [500, 1000, 1500, 2000, 2500, 3000, 3500, 4000, 4500, 5000, 5500], "times": [14.967380830057664, 42.17923125004745, 97.66066875003162, 158.21437332997448, 263.4406770800706, 347.45356790997903, 498.5801558299863, 576.5064358399832, 804.7217508300673, 961.9794574999833, 1179.937647080078]}