{"sizes": [500, 1000, 1500, 2000, 2500, 3000, 3500, 4000, 4500, 5000, 5500], "times": [9.261781660025008, 26.572207500139484, 57.16355874988949, 95.82054625003366, 154.47875125013525, 214.582932080084, 300.60244125008467, 342.1652041700145, 510.12452416995075, 599.8333741599345, 778.6046325000643]}